idx,datetime,summacd,top_mark,bottom_mark,top_price,bottom_price,in_zhongshu,is_top,is_bottom,is_XSG,is_XXD,is_SZBBC,is_XDBBC,is_SZ5BBC,is_XD5BBC,is_SZ7BBC,is_XD7BBC,is_SZZSPZBC,is_XDZSPZBC,is_SZQSBC,is_XDQSBC
0,2026-03-23 10:00:00,,,,,,False,False,False,False,False,False,False,False,False,False,False,False,False,False,False
1,2026-03-23 10:30:00,,,,,,False,False,False,False,False,False,False,False,False,False,False,False,False,False,False
2,2026-03-23 11:00:00,,,,,,False,False,False,False,False,False,False,False,False,False,False,False,False,False,False
3,2026-03-23 14:00:00,,,,,,False,False,False,False,False,False,False,False,False,False,False,False,False,False,False
4,2026-03-23 14:30:00,,,,,,False,False,False,False,False,False,False,False,False,False,False,False,False,False,False
5,2026-03-23 15:00:00,,,,,,False,False,False,False,False,False,False,False,False,False,False,False,False,False,False
6,2026-03-24 11:30:00,,,,,,False,False,False,False,False,False,False,False,False,False,False,False,False,False,False
7,2026-03-24 13:30:00,,,,,,False,False,False,False,False,False,False,False,False,False,False,False,False,False,False
8,2026-03-24 14:00:00,,,,,,False,False,False,False,False,False,False,False,False,False,False,False,False,False,False
9,2026-03-24 14:30:00,,,,,,False,False,False,False,False,False,False,False,False,False,False,False,False,False,False
10,2026-03-24 15:00:00,,,,,,False,False,False,False,False,False,False,False,False,False,False,False,False,False,False
11,2026-03-25 10:30:00,,,D,,106.05999755859376,False,False,True,False,False,False,False,False,False,False,False,False,False,False,False
12,2026-03-25 11:00:00,,,,,,False,False,False,False,False,False,False,False,False,False,False,False,False,False,False
13,2026-03-25 11:30:00,,,,,,False,False,False,False,False,False,False,False,False,False,False,False,False,False,False
14,2026-03-26 10:00:00,,,,,,False,False,False,False,False,False,False,False,False,False,False,False,False,False,False
15,2026-03-26 10:30:00,12.4957,G,,128.1699981689453,,False,True,False,False,False,False,False,False,False,False,False,False,False,False,False
16,2026-03-26 11:30:00,,,,,,False,False,False,False,False,False,False,False,False,False,False,False,False,False,False
17,2026-03-26 14:00:00,,,,,,False,False,False,False,False,False,False,False,False,False,False,False,False,False,False
18,2026-03-26 14:30:00,,,,,,False,False,False,False,False,False,False,False,False,False,False,False,False,False,False
19,2026-03-26 15:00:00,0.0,,D,,119.51000213623048,False,False,True,False,False,False,False,False,False,False,False,False,False,False,False
20,2026-03-27 10:30:00,,,,,,False,False,False,False,False,False,False,False,False,False,False,False,False,False,False
21,2026-03-27 11:30:00,,,,,,False,False,False,False,False,False,False,False,False,False,False,False,False,False,False
22,2026-03-27 13:30:00,,,,,,False,False,False,False,False,False,False,False,False,False,False,False,False,False,False
23,2026-03-27 14:00:00,9.768700000000004,G,,137.88999938964844,,False,True,False,True,False,True,False,False,False,False,False,False,False,False,False
24,2026-03-27 14:30:00,,,,,,False,False,False,False,False,False,False,False,False,False,False,False,False,False,False
25,2026-03-30 10:00:00,,,,,,False,False,False,False,False,False,False,False,False,False,False,False,False,False,False
26,2026-03-30 10:30:00,,,,,,False,False,False,False,False,False,False,False,False,False,False,False,False,False,False
27,2026-03-30 11:00:00,-0.6931000000000003,,D,,125.1999969482422,False,False,True,False,False,False,False,False,False,False,False,False,False,False,False
28,2026-03-30 11:30:00,,,,,,False,False,False,False,False,False,False,False,False,False,False,False,False,False,False
29,2026-03-30 13:30:00,,,,,,False,False,False,False,False,False,False,False,False,False,False,False,False,False,False
30,2026-03-30 14:00:00,,,,,,False,False,False,False,False,False,False,False,False,False,False,False,False,False,False
31,2026-03-30 15:00:00,0.0,G,,131.22000122070312,,False,True,False,False,False,False,False,False,False,False,False,False,False,False,False
32,2026-03-31 10:30:00,,,,,,False,False,False,False,False,False,False,False,False,False,False,False,False,False,False
33,2026-03-31 11:00:00,,,,,,False,False,False,False,False,False,False,False,False,False,False,False,False,False,False
34,2026-03-31 11:30:00,,,,,,False,False,False,False,False,False,False,False,False,False,False,False,False,False,False
35,2026-03-31 13:30:00,,,,,,False,False,False,False,False,False,False,False,False,False,False,False,False,False,False
36,2026-03-31 14:00:00,,,,,,False,False,False,False,False,False,False,False,False,False,False,False,False,False,False
37,2026-03-31 14:30:00,,,,,,False,False,False,False,False,False,False,False,False,False,False,False,False,False,False
38,2026-04-01 10:30:00,-28.420199999999998,,D,,116.0,False,False,True,False,False,False,False,False,False,False,False,False,False,False,False
39,2026-04-01 11:00:00,,,,,,False,False,False,False,False,False,False,False,False,False,False,False,False,False,False
40,2026-04-01 11:30:00,,,,,,False,False,False,False,False,False,False,False,False,False,False,False,False,False,False
41,2026-04-02 10:00:00,,,,,,False,False,False,False,False,False,False,False,False,False,False,False,False,False,False
42,2026-04-02 10:30:00,0.0,G,,124.37000274658205,,False,True,False,False,False,False,False,False,False,False,False,False,False,False,False
43,2026-04-02 11:00:00,,,,,,False,False,False,False,False,False,False,False,False,False,False,False,False,False,False
44,2026-04-02 11:30:00,,,,,,False,False,False,False,False,False,False,False,False,False,False,False,False,False,False
45,2026-04-02 13:30:00,,,,,,False,False,False,False,False,False,False,False,False,False,False,False,False,False,False
46,2026-04-02 14:00:00,,,,,,False,False,False,False,False,False,False,False,False,False,False,False,False,False,False
47,2026-04-02 14:30:00,,,,,,False,False,False,False,False,False,False,False,False,False,False,False,False,False,False
48,2026-04-02 15:00:00,,,,,,False,False,False,False,False,False,False,False,False,False,False,False,False,False,False
49,2026-04-03 10:00:00,,,,,,False,False,False,False,False,False,False,False,False,False,False,False,False,False,False
50,2026-04-03 10:30:00,-7.731899999999996,,D,,109.1999969482422,False,False,True,False,True,False,True,False,True,False,False,False,False,False,False
51,2026-04-03 11:30:00,,,,,,False,False,False,False,False,False,False,False,False,False,False,False,False,False,False
52,2026-04-03 13:30:00,,,,,,False,False,False,False,False,False,False,False,False,False,False,False,False,False,False
53,2026-04-03 14:00:00,,,,,,False,False,False,False,False,False,False,False,False,False,False,False,False,False,False
54,2026-04-07 10:00:00,,,,,,False,False,False,False,False,False,False,False,False,False,False,False,False,False,False
55,2026-04-07 10:30:00,,,,,,False,False,False,False,False,False,False,False,False,False,False,False,False,False,False
56,2026-04-07 13:30:00,,,,,,False,False,False,False,False,False,False,False,False,False,False,False,False,False,False
57,2026-04-07 14:00:00,,,,,,False,False,False,False,False,False,False,False,False,False,False,False,False,False,False
58,2026-04-08 10:00:00,,,,,,False,False,False,False,False,False,False,False,False,False,False,False,False,False,False
59,2026-04-08 11:30:00,,,,,,False,False,False,False,False,False,False,False,False,False,False,False,False,False,False
60,2026-04-08 14:00:00,,,,,,False,False,False,False,False,False,False,False,False,False,False,False,False,False,False
61,2026-04-09 10:00:00,,,,,,False,False,False,False,False,False,False,False,False,False,False,False,False,False,False
62,2026-04-09 11:00:00,,,,,,False,False,False,False,False,False,False,False,False,False,False,False,False,False,False
63,2026-04-09 11:30:00,,,,,,False,False,False,False,False,False,False,False,False,False,False,False,False,False,False
64,2026-04-09 13:30:00,,,,,,False,False,False,False,False,False,False,False,False,False,False,False,False,False,False
65,2026-04-09 15:00:00,,,,,,False,False,False,False,False,False,False,False,False,False,False,False,False,False,False
66,2026-04-10 10:30:00,24.105000000000015,G,,123.66999816894533,,False,True,False,False,False,False,False,False,False,False,False,False,False,False,False
67,2026-04-10 11:00:00,,,,,,False,False,False,False,False,False,False,False,False,False,False,False,False,False,False
68,2026-04-10 13:30:00,,,,,,False,False,False,False,False,False,False,False,False,False,False,False,False,False,False
69,2026-04-10 14:00:00,,,,,,False,False,False,False,False,False,False,False,False,False,False,False,False,False,False
70,2026-04-10 14:30:00,,,,,,False,False,False,False,False,False,False,False,False,False,False,False,False,False,False
71,2026-04-13 10:30:00,,,,,,False,False,False,False,False,False,False,False,False,False,False,False,False,False,False
72,2026-04-13 11:30:00,0.0,,D,,119.73999786376952,False,False,True,False,False,False,False,False,False,False,False,False,False,False,False
73,2026-04-13 14:30:00,,,,,,False,False,False,False,False,False,False,False,False,False,False,False,False,False,False
74,2026-04-14 10:00:00,,,,,,False,False,False,False,False,False,False,False,False,False,False,False,False,False,False
75,2026-04-14 10:30:00,,,,,,False,False,False,False,False,False,False,False,False,False,False,False,False,False,False
76,2026-04-14 14:00:00,,,,,,False,False,False,False,False,False,False,False,False,False,False,False,False,False,False
77,2026-04-14 14:30:00,,,,,,False,False,False,False,False,False,False,False,False,False,False,False,False,False,False
78,2026-04-14 15:00:00,6.97020000000002,G,,140.0,,False,True,False,True,False,True,False,False,False,False,False,False,False,False,False
79,2026-04-15 10:00:00,,,,,,False,False,False,False,False,False,False,False,False,False,False,False,False,False,False
80,2026-04-15 10:30:00,,,,,,False,False,False,False,False,False,False,False,False,False,False,False,False,False,False
81,2026-04-15 11:00:00,,,,,,False,False,False,False,False,False,False,False,False,False,False,False,False,False,False
82,2026-04-15 11:30:00,,,,,,False,False,False,False,False,False,False,False,False,False,False,False,False,False,False
83,2026-04-15 13:30:00,,,,,,False,False,False,False,False,False,False,False,False,False,False,False,False,False,False
84,2026-04-15 14:00:00,,,,,,False,False,False,False,False,False,False,False,False,False,False,False,False,False,False
85,2026-04-15 14:30:00,,,,,,False,False,False,False,False,False,False,False,False,False,False,False,False,False,False
86,2026-04-16 10:00:00,-6.039099999999991,,D,,122.3000030517578,True,False,True,False,False,False,False,False,False,False,False,False,False,False,False
87,2026-04-16 11:30:00,,,,,,True,False,False,False,False,False,False,False,False,False,False,False,False,False,False
88,2026-04-16 13:30:00,,,,,,True,False,False,False,False,False,False,False,False,False,False,False,False,False,False
89,2026-04-16 14:00:00,,,,,,True,False,False,False,False,False,False,False,False,False,False,False,False,False,False
90,2026-04-17 10:30:00,0.0,G,,127.98999786376952,,True,True,False,False,False,False,False,False,False,False,False,False,False,False,False
91,2026-04-17 11:00:00,,,,,,True,False,False,False,False,False,False,False,False,False,False,False,False,False,False
92,2026-04-17 11:30:00,,,,,,True,False,False,False,False,False,False,False,False,False,False,False,False,False,False
93,2026-04-17 14:00:00,,,,,,True,False,False,False,False,False,False,False,False,False,False,False,False,False,False
94,2026-04-17 15:00:00,,,,,,True,False,False,False,False,False,False,False,False,False,False,False,False,False,False
95,2026-04-20 10:00:00,-3.3248999999999995,,D,,122.2699966430664,True,False,True,False,False,False,True,False,False,False,False,False,False,False,False
96,2026-04-20 10:30:00,,,,,,True,False,False,False,False,False,False,False,False,False,False,False,False,False,False
97,2026-04-20 11:30:00,,,,,,True,False,False,False,False,False,False,False,False,False,False,False,False,False,False
98,2026-04-20 13:30:00,,,,,,True,False,False,False,False,False,False,False,False,False,False,False,False,False,False
99,2026-04-20 14:00:00,,,,,,True,False,False,False,False,False,False,False,False,False,False,False,False,False,False
100,2026-04-20 14:30:00,,,,,,True,False,False,False,False,False,False,False,False,False,False,False,False,False,False
101,2026-04-21 10:00:00,,,,,,True,False,False,False,False,False,False,False,False,False,False,False,False,False,False
102,2026-04-21 10:30:00,,,,,,True,False,False,False,False,False,False,False,False,False,False,False,False,False,False
103,2026-04-21 14:00:00,4.087400000000002,G,,129.99000549316406,,True,True,False,False,False,False,False,False,False,False,False,False,False,False,False
104,2026-04-22 10:00:00,,,,,,False,False,False,False,False,False,False,False,False,False,False,False,False,False,False
105,2026-04-22 11:30:00,,,,,,False,False,False,False,False,False,False,False,False,False,False,False,False,False,False
106,2026-04-22 14:00:00,,,,,,False,False,False,False,False,False,False,False,False,False,False,False,False,False,False
107,2026-04-22 15:00:00,,,,,,False,False,False,False,False,False,False,False,False,False,False,False,False,False,False
108,2026-04-23 14:00:00,,,,,,False,False,False,False,False,False,False,False,False,False,False,False,False,False,False
109,2026-04-23 14:30:00,,,,,,False,False,False,False,False,False,False,False,False,False,False,False,False,False,False
110,2026-04-24 10:00:00,-18.519199999999984,,D,,114.0999984741211,False,False,True,False,True,False,False,False,False,False,False,False,False,False,False
111,2026-04-24 10:30:00,,,,,,False,False,False,False,False,False,False,False,False,False,False,False,False,False,False
112,2026-04-24 11:30:00,,,,,,False,False,False,False,False,False,False,False,False,False,False,False,False,False,False
113,2026-04-24 13:30:00,,,,,,False,False,False,False,False,False,False,False,False,False,False,False,False,False,False
114,2026-04-24 14:00:00,,,,,,False,False,False,False,False,False,False,False,False,False,False,False,False,False,False
115,2026-04-24 14:30:00,,,,,,False,False,False,False,False,False,False,False,False,False,False,False,False,False,False
116,2026-04-24 15:00:00,1.2712000000000074,G,,120.87999725341795,,True,True,False,False,False,False,False,False,False,False,False,False,False,False,False
117,2026-04-27 10:00:00,,,,,,True,False,False,False,False,False,False,False,False,False,False,False,False,False,False
118,2026-04-27 10:30:00,,,,,,True,False,False,False,False,False,False,False,False,False,False,False,False,False,False
119,2026-04-27 11:30:00,,,,,,True,False,False,False,False,False,False,False,False,False,False,False,False,False,False
120,2026-04-28 10:00:00,,,,,,True,False,False,False,False,False,False,False,False,False,False,False,False,False,False
121,2026-04-28 10:30:00,0.0,,D,,116.0999984741211,True,False,True,False,False,False,False,False,False,False,False,False,False,False,False
122,2026-04-28 11:00:00,,,,,,True,False,False,False,False,False,False,False,False,False,False,False,False,False,False
123,2026-04-28 11:30:00,,,,,,True,False,False,False,False,False,False,False,False,False,False,False,False,False,False
124,2026-04-28 13:30:00,0.5859000000000094,G,,121.0,,True,True,False,False,False,True,False,False,False,False,False,False,False,False,False
125,2026-04-28 14:00:00,,,,,,True,False,False,False,False,False,False,False,False,False,False,False,False,False,False
126,2026-04-28 14:30:00,,,,,,True,False,False,False,False,False,False,False,False,False,False,False,False,False,False
127,2026-04-28 15:00:00,,,,,,True,False,False,False,False,False,False,False,False,False,False,False,False,False,False
128,2026-04-29 10:00:00,-1.1008999999999958,,D,,114.77999877929688,True,False,True,False,False,False,False,False,False,False,False,False,False,False,False
129,2026-04-29 11:00:00,,,,,,False,False,False,False,False,False,False,False,False,False,False,False,False,False,False
130,2026-04-29 11:30:00,,,,,,False,False,False,False,False,False,False,False,False,False,False,False,False,False,False
131,2026-04-29 13:30:00,,,,,,False,False,False,False,False,False,False,False,False,False,False,False,False,False,False
132,2026-04-29 14:00:00,,,,,,False,False,False,False,False,False,False,False,False,False,False,False,False,False,False
133,2026-04-29 14:30:00,4.4225999999999885,G,,127.25,,False,True,False,True,False,False,False,False,False,False,False,False,False,False,False
134,2026-04-29 15:00:00,,,,,,False,False,False,False,False,False,False,False,False,False,False,False,False,False,False
135,2026-04-30 10:00:00,,,,,,False,False,False,False,False,False,False,False,False,False,False,False,False,False,False
136,2026-04-30 13:30:00,,,,,,False,False,False,False,False,False,False,False,False,False,False,False,False,False,False
137,2026-04-30 14:00:00,,,,,,False,False,False,False,False,False,False,False,False,False,False,False,False,False,False
138,2026-04-30 14:30:00,,,,,,False,False,False,False,False,False,False,False,False,False,False,False,False,False,False
139,2026-05-06 10:00:00,-13.218400000000004,,D,,108.0,False,False,True,False,False,False,False,False,False,False,False,False,False,False,False
140,2026-05-06 10:30:00,,,,,,False,False,False,False,False,False,False,False,False,False,False,False,False,False,False
141,2026-05-06 14:00:00,,,,,,False,False,False,False,False,False,False,False,False,False,False,False,False,False,False
142,2026-05-07 11:00:00,,,,,,False,False,False,False,False,False,False,False,False,False,False,False,False,False,False
143,2026-05-07 11:30:00,,,,,,False,False,False,False,False,False,False,False,False,False,False,False,False,False,False
144,2026-05-07 13:30:00,,,,,,False,False,False,False,False,False,False,False,False,False,False,False,False,False,False
145,2026-05-07 14:30:00,2.0675999999999988,G,,111.06999969482422,,False,True,False,False,False,False,False,False,False,False,False,False,False,False,False
146,2026-05-08 10:30:00,,,,,,False,False,False,False,False,False,False,False,False,False,False,False,False,False,False
147,2026-05-08 11:00:00,,,,,,False,False,False,False,False,False,False,False,False,False,False,False,False,False,False
148,2026-05-08 11:30:00,-1.6740000000000066,,D,,104.4000015258789,True,False,True,False,False,False,True,False,False,False,False,False,False,False,False
149,2026-05-08 13:30:00,,,,,,True,False,False,False,False,False,False,False,False,False,False,False,False,False,False
150,2026-05-08 14:00:00,,,,,,True,False,False,False,False,False,False,False,False,False,False,False,False,False,False
151,2026-05-11 10:00:00,,,,,,True,False,False,False,False,False,False,False,False,False,False,False,False,False,False
152,2026-05-11 11:00:00,,,,,,True,False,False,False,False,False,False,False,False,False,False,False,False,False,False
153,2026-05-11 11:30:00,,,,,,True,False,False,False,False,False,False,False,False,False,False,False,False,False,False
154,2026-05-11 13:30:00,,,,,,True,False,False,False,False,False,False,False,False,False,False,False,False,False,False
155,2026-05-11 14:00:00,,,,,,True,False,False,False,False,False,False,False,False,False,False,False,False,False,False
156,2026-05-11 14:30:00,,,,,,True,False,False,False,False,False,False,False,False,False,False,False,False,False,False
157,2026-05-11 15:00:00,2.680000000000007,G,,107.30999755859376,,True,True,False,False,False,False,False,False,False,False,False,False,False,False,False
158,2026-05-12 10:00:00,,,,,,True,False,False,False,False,False,False,False,False,False,False,False,False,False,False
159,2026-05-12 11:00:00,,,,,,True,False,False,False,False,False,False,False,False,False,False,False,False,False,False
160,2026-05-12 11:30:00,,,,,,True,False,False,False,False,False,False,False,False,False,False,False,False,False,False
161,2026-05-12 13:30:00,,,,,,True,False,False,False,False,False,False,False,False,False,False,False,False,False,False
162,2026-05-12 14:00:00,,,,,,True,False,False,False,False,False,False,False,False,False,False,False,False,False,False
163,2026-05-12 14:30:00,,,,,,True,False,False,False,False,False,False,False,False,False,False,False,False,False,False
164,2026-05-13 10:00:00,,,,,,True,False,False,False,False,False,False,False,False,False,False,False,False,False,False
165,2026-05-13 11:30:00,0.0,,D,,102.80999755859376,True,False,True,False,False,False,True,False,True,False,False,False,False,False,False
166,2026-05-13 13:30:00,,,,,,True,False,False,False,False,False,False,False,False,False,False,False,False,False,False
167,2026-05-13 14:30:00,,,,,,True,False,False,False,False,False,False,False,False,False,False,False,False,False,False
168,2026-05-13 15:00:00,2.0213999999999857,G,,104.9499969482422,,True,True,False,False,False,False,False,False,False,False,False,False,False,False,False
169,2026-05-14 10:30:00,,,,,,False,False,False,False,False,False,False,False,False,False,False,False,False,False,False
170,2026-05-14 11:00:00,,,,,,False,False,False,False,False,False,False,False,False,False,False,False,False,False,False
171,2026-05-14 14:00:00,-0.1624999999999943,,D,,100.66000366210938,True,False,True,False,False,False,False,False,False,False,False,False,True,False,False
172,2026-05-14 14:30:00,,,,,,True,False,False,False,False,False,False,False,False,False,False,False,False,False,False
173,2026-05-14 15:00:00,,,,,,True,False,False,False,False,False,False,False,False,False,False,False,False,False,False
174,2026-05-15 11:00:00,,,,,,True,False,False,False,False,False,False,False,False,False,False,False,False,False,False
175,2026-05-15 11:30:00,,,,,,True,False,False,False,False,False,False,False,False,False,False,False,False,False,False
176,2026-05-15 13:30:00,2.539000000000001,G,,104.51000213623048,,True,True,False,False,False,False,False,False,False,False,False,False,False,False,False
177,2026-05-15 14:00:00,,,,,,True,False,False,False,False,False,False,False,False,False,False,False,False,False,False
178,2026-05-15 14:30:00,,,,,,True,False,False,False,False,False,False,False,False,False,False,False,False,False,False
179,2026-05-15 15:00:00,,,,,,True,False,False,False,False,False,False,False,False,False,False,False,False,False,False
180,2026-05-18 11:30:00,,,,,,True,False,False,False,False,False,False,False,False,False,False,False,False,False,False
181,2026-05-18 13:30:00,,,,,,True,False,False,False,False,False,False,False,False,False,False,False,False,False,False
182,2026-05-18 14:00:00,,,,,,True,False,False,False,False,False,False,False,False,False,False,False,False,False,False
183,2026-05-18 14:30:00,,,,,,True,False,False,False,False,False,False,False,False,False,False,False,False,False,False
184,2026-05-19 10:00:00,,,,,,True,False,False,False,False,False,False,False,False,False,False,False,False,False,False
185,2026-05-19 10:30:00,,,,,,True,False,False,False,False,False,False,False,False,False,False,False,False,False,False
186,2026-05-19 11:00:00,,,,,,True,False,False,False,False,False,False,False,False,False,False,False,False,False,False
187,2026-05-19 11:30:00,,,,,,True,False,False,False,False,False,False,False,False,False,False,False,False,False,False
188,2026-05-19 14:00:00,,,,,,True,False,False,False,False,False,False,False,False,False,False,False,False,False,False
189,2026-05-19 14:30:00,,,,,,True,False,False,False,False,False,False,False,False,False,False,False,False,False,False
190,2026-05-20 10:00:00,,,,,,True,False,False,False,False,False,False,False,False,False,False,False,False,False,False
191,2026-05-20 10:30:00,-4.077999999999975,,D,,96.63999938964844,True,False,True,False,False,False,False,False,False,False,False,False,False,False,False
192,2026-05-20 11:00:00,,,,,,True,False,False,False,False,False,False,False,False,False,False,False,False,False,False
193,2026-05-20 11:30:00,,,,,,True,False,False,False,False,False,False,False,False,False,False,False,False,False,False
194,2026-05-21 10:00:00,4.153200000000027,G,,102.4499969482422,,True,True,False,False,False,False,False,False,False,False,False,False,False,False,False
195,2026-05-21 10:30:00,,,,,,False,False,False,False,False,False,False,False,False,False,False,False,False,False,False
196,2026-05-21 11:00:00,,,,,,False,False,False,False,False,False,False,False,False,False,False,False,False,False,False
197,2026-05-21 11:30:00,,,,,,False,False,False,False,False,False,False,False,False,False,False,False,False,False,False
198,2026-05-21 13:30:00,,,,,,False,False,False,False,False,False,False,False,False,False,False,False,False,False,False
199,2026-05-21 14:00:00,,,,,,False,False,False,False,False,False,False,False,False,False,False,False,False,False,False
200,2026-05-21 14:30:00,,,,,,False,False,False,False,False,False,False,False,False,False,False,False,False,False,False
201,2026-05-21 15:00:00,,,,,,False,False,False,False,False,False,False,False,False,False,False,False,False,False,False
202,2026-05-22 10:30:00,,,,,,False,False,False,False,False,False,False,False,False,False,False,False,False,False,False
203,2026-05-22 13:30:00,,,,,,False,False,False,False,False,False,False,False,False,False,False,False,False,False,False
204,2026-05-22 15:00:00,,,,,,False,False,False,False,False,False,False,False,False,False,False,False,False,False,False
205,2026-05-25 11:00:00,-7.241499999999974,,D,,91.3499984741211,False,False,True,False,False,False,False,False,False,False,False,False,False,False,False
206,2026-05-25 11:30:00,,,,,,False,False,False,False,False,False,False,False,False,False,False,False,False,False,False
207,2026-05-25 13:30:00,,,,,,False,False,False,False,False,False,False,False,False,False,False,False,False,False,False
208,2026-05-25 14:00:00,,,,,,False,False,False,False,False,False,False,False,False,False,False,False,False,False,False
209,2026-05-26 11:00:00,0.1690000000000111,G,,93.0500030517578,,False,True,False,False,False,False,False,False,False,False,False,False,False,False,False
210,2026-05-26 11:30:00,,,,,,False,False,False,False,False,False,False,False,False,False,False,False,False,False,False
211,2026-05-26 14:30:00,,,,,,False,False,False,False,False,False,False,False,False,False,False,False,False,False,False
212,2026-05-27 10:30:00,,,,,,False,False,False,False,False,False,False,False,False,False,False,False,False,False,False
213,2026-05-27 11:00:00,,,,,,False,False,False,False,False,False,False,False,False,False,False,False,False,False,False
214,2026-05-27 11:30:00,,,,,,False,False,False,False,False,False,False,False,False,False,False,False,False,False,False
215,2026-05-27 13:30:00,,,,,,False,False,False,False,False,False,False,False,False,False,False,False,False,False,False
216,2026-05-27 14:00:00,,,,,,False,False,False,False,False,False,False,False,False,False,False,False,False,False,False
217,2026-05-27 14:30:00,,,,,,False,False,False,False,False,False,False,False,False,False,False,False,False,False,False
218,2026-05-28 10:00:00,,,,,,False,False,False,False,False,False,False,False,False,False,False,False,False,False,False
219,2026-05-28 10:30:00,-0.9072000000000172,,D,,85.87999725341797,True,False,True,False,False,False,True,False,True,False,False,False,False,False,False
220,2026-05-28 13:30:00,,,,,,True,False,False,False,False,False,False,False,False,False,False,False,False,False,False
221,2026-05-28 14:00:00,,,,,,True,False,False,False,False,False,False,False,False,False,False,False,False,False,False
222,2026-05-29 10:00:00,1.1247000000000185,G,,90.5999984741211,,True,True,False,False,False,False,False,False,False,False,False,False,False,False,False
223,2026-05-29 10:30:00,,,,,,True,False,False,False,False,False,False,False,False,False,False,False,False,False,False
224,2026-05-29 11:00:00,,,,,,True,False,False,False,False,False,False,False,False,False,False,False,False,False,False
225,2026-05-29 11:30:00,,,,,,True,False,False,False,False,False,False,False,False,False,False,False,False,False,False
226,2026-05-29 13:30:00,,,,,,True,False,False,False,False,False,False,False,False,False,False,False,False,False,False
227,2026-05-29 14:00:00,,,,,,True,False,False,False,False,False,False,False,False,False,False,False,False,False,False
228,2026-05-29 14:30:00,,,,,,True,False,False,False,False,False,False,False,False,False,False,False,False,False,False
229,2026-05-29 15:00:00,-0.2107000000000027,,D,,84.73999786376953,True,False,True,False,False,False,True,False,True,False,True,False,False,False,False
230,2026-06-01 10:30:00,,,,,,True,False,False,False,False,False,False,False,False,False,False,False,False,False,False
231,2026-06-01 13:30:00,,,,,,True,False,False,False,False,False,False,False,False,False,False,False,False,False,False
232,2026-06-01 14:00:00,2.1818000000000097,G,,87.19999694824219,,True,True,False,False,False,False,False,False,False,False,False,False,False,False,False
233,2026-06-01 14:30:00,,,,,,False,False,False,False,False,False,False,False,False,False,False,False,False,False,False
234,2026-06-02 10:00:00,,,,,,False,False,False,False,False,False,False,False,False,False,False,False,False,False,False
235,2026-06-02 10:30:00,-0.4402000000000043,,D,,81.5999984741211,True,False,True,False,False,False,False,False,False,False,False,False,True,False,True
236,2026-06-02 11:00:00,,,,,,True,False,False,False,False,False,False,False,False,False,False,False,False,False,False
237,2026-06-02 11:30:00,,,,,,True,False,False,False,False,False,False,False,False,False,False,False,False,False,False
238,2026-06-02 13:30:00,,,,,,True,False,False,False,False,False,False,False,False,False,False,False,False,False,False
239,2026-06-02 14:00:00,,,,,,True,False,False,False,False,False,False,False,False,False,False,False,False,False,False
240,2026-06-03 10:00:00,,,,,,True,False,False,False,False,False,False,False,False,False,False,False,False,False,False
241,2026-06-03 11:00:00,1.2350999999999883,G,,85.83999633789062,,True,True,False,False,False,False,False,False,False,False,False,False,False,False,False
242,2026-06-03 11:30:00,,,,,,True,False,False,False,False,False,False,False,False,False,False,False,False,False,False
243,2026-06-03 13:30:00,,,,,,True,False,False,False,False,False,False,False,False,False,False,False,False,False,False
244,2026-06-03 14:00:00,,,,,,True,False,False,False,False,False,False,False,False,False,False,False,False,False,False
245,2026-06-03 14:30:00,,,,,,True,False,False,False,False,False,False,False,False,False,False,False,False,False,False
246,2026-06-03 15:00:00,,,,,,True,False,False,False,False,False,False,False,False,False,False,False,False,False,False
247,2026-06-04 11:30:00,,,,,,True,False,False,False,False,False,False,False,False,False,False,False,False,False,False
248,2026-06-04 14:00:00,,,,,,True,False,False,False,False,False,False,False,False,False,False,False,False,False,False
249,2026-06-04 14:30:00,,,,,,True,False,False,False,False,False,False,False,False,False,False,False,False,False,False
250,2026-06-04 15:00:00,,,,,,True,False,False,False,False,False,False,False,False,False,False,False,False,False,False
251,2026-06-05 10:30:00,-2.274199999999979,,D,,79.55999755859375,True,False,True,False,False,False,False,False,False,False,False,False,False,False,False
252,2026-06-05 11:30:00,,,,,,True,False,False,False,False,False,False,False,False,False,False,False,False,False,False
253,2026-06-05 13:30:00,,,,,,True,False,False,False,False,False,False,False,False,False,False,False,False,False,False
254,2026-06-05 14:00:00,,,,,,True,False,False,False,False,False,False,False,False,False,False,False,False,False,False
255,2026-06-05 14:30:00,2.4358000000000004,G,,83.38999938964844,,True,True,False,False,False,False,False,False,False,False,False,False,False,False,False
256,2026-06-08 11:00:00,,,,,,False,False,False,False,False,False,False,False,False,False,False,False,False,False,False
257,2026-06-08 11:30:00,,,,,,False,False,False,False,False,False,False,False,False,False,False,False,False,False,False
258,2026-06-08 13:30:00,,,,,,False,False,False,False,False,False,False,False,False,False,False,False,False,False,False
259,2026-06-08 14:00:00,-0.7330000000000041,,D,,78.5199966430664,False,False,True,False,True,False,True,False,False,False,False,False,False,False,False
260,2026-06-08 14:30:00,,,,,,False,False,False,False,False,False,False,False,False,False,False,False,False,False,False
261,2026-06-09 10:30:00,,,,,,False,False,False,False,False,False,False,False,False,False,False,False,False,False,False
262,2026-06-09 11:00:00,,,,,,False,False,False,False,False,False,False,False,False,False,False,False,False,False,False
263,2026-06-09 13:30:00,,,,,,False,False,False,False,False,False,False,False,False,False,False,False,False,False,False
264,2026-06-09 14:30:00,,,,,,False,False,False,False,False,False,False,False,False,False,False,False,False,False,False
265,2026-06-09 15:00:00,1.435699999999969,G,,83.75,,False,True,False,False,False,False,False,False,False,False,False,False,False,False,False
266,2026-06-10 10:00:00,,,,,,False,False,False,False,False,False,False,False,False,False,False,False,False,False,False
267,2026-06-10 10:30:00,,,,,,False,False,False,False,False,False,False,False,False,False,False,False,False,False,False
268,2026-06-10 13:30:00,,,,,,False,False,False,False,False,False,False,False,False,False,False,False,False,False,False
269,2026-06-10 14:00:00,,,,,,False,False,False,False,False,False,False,False,False,False,False,False,False,False,False
270,2026-06-11 10:00:00,,,,,,False,False,False,False,False,False,False,False,False,False,False,False,False,False,False
271,2026-06-11 11:30:00,0.0,,D,,79.69999694824219,False,False,True,False,False,False,False,False,False,False,False,False,False,False,False
272,2026-06-11 13:30:00,,,,,,False,False,False,False,False,False,False,False,False,False,False,False,False,False,False
273,2026-06-11 14:00:00,,,,,,False,False,False,False,False,False,False,False,False,False,False,False,False,False,False
274,2026-06-11 14:30:00,,,,,,False,False,False,False,False,False,False,False,False,False,False,False,False,False,False
275,2026-06-11 15:00:00,,,,,,False,False,False,False,False,False,False,False,False,False,False,False,False,False,False
276,2026-06-12 10:00:00,,,,,,False,False,False,False,False,False,False,False,False,False,False,False,False,False,False
277,2026-06-12 10:30:00,,,,,,False,False,False,False,False,False,False,False,False,False,False,False,False,False,False
278,2026-06-12 11:00:00,,,,,,False,False,False,False,False,False,False,False,False,False,False,False,False,False,False
279,2026-06-12 11:30:00,,,,,,False,False,False,False,False,False,False,False,False,False,False,False,False,False,False
280,2026-06-12 13:30:00,,,,,,False,False,False,False,False,False,False,False,False,False,False,False,False,False,False
281,2026-06-12 14:30:00,,,,,,False,False,False,False,False,False,False,False,False,False,False,False,False,False,False
282,2026-06-12 15:00:00,,,,,,False,False,False,False,False,False,False,False,False,False,False,False,False,False,False
283,2026-06-15 11:30:00,,,,,,False,False,False,False,False,False,False,False,False,False,False,False,False,False,False
284,2026-06-15 13:30:00,,,,,,False,False,False,False,False,False,False,False,False,False,False,False,False,False,False
285,2026-06-16 10:00:00,,,,,,False,False,False,False,False,False,False,False,False,False,False,False,False,False,False
286,2026-06-16 10:30:00,,,,,,False,False,False,False,False,False,False,False,False,False,False,False,False,False,False
287,2026-06-16 11:00:00,,,,,,False,False,False,False,False,False,False,False,False,False,False,False,False,False,False
288,2026-06-16 11:30:00,,,,,,False,False,False,False,False,False,False,False,False,False,False,False,False,False,False
289,2026-06-16 13:30:00,,,,,,False,False,False,False,False,False,False,False,False,False,False,False,False,False,False
290,2026-06-16 14:30:00,,,,,,False,False,False,False,False,False,False,False,False,False,False,False,False,False,False
291,2026-06-17 10:00:00,,,,,,False,False,False,False,False,False,False,False,False,False,False,False,False,False,False
292,2026-06-17 10:30:00,,,,,,False,False,False,False,False,False,False,False,False,False,False,False,False,False,False
293,2026-06-17 11:00:00,,,,,,False,False,False,False,False,False,False,False,False,False,False,False,False,False,False
294,2026-06-17 11:30:00,,,,,,False,False,False,False,False,False,False,False,False,False,False,False,False,False,False
295,2026-06-17 14:30:00,,,,,,False,False,False,False,False,False,False,False,False,False,False,False,False,False,False
296,2026-06-17 15:00:00,,,,,,False,False,False,False,False,False,False,False,False,False,False,False,False,False,False
297,2026-06-18 10:00:00,53.11710000000005,G,,122.0,,False,True,False,False,False,False,False,False,False,False,False,False,False,False,False
298,2026-06-18 11:30:00,,,,,,False,False,False,False,False,False,False,False,False,False,False,False,False,False,False
299,2026-06-18 13:30:00,,,,,,False,False,False,False,False,False,False,False,False,False,False,False,False,False,False
300,2026-06-22 10:00:00,,,,,,False,False,False,False,False,False,False,False,False,False,False,False,False,False,False
301,2026-06-22 10:30:00,-11.756200000000009,,D,,114.3000030517578,False,False,True,False,False,False,False,False,False,False,False,False,False,False,False
302,2026-06-22 11:00:00,,,,,,False,False,False,False,False,False,False,False,False,False,False,False,False,False,False
303,2026-06-22 13:30:00,,,,,,False,False,False,False,False,False,False,False,False,False,False,False,False,False,False
304,2026-06-22 14:00:00,,,,,,False,False,False,False,False,False,False,False,False,False,False,False,False,False,False
305,2026-06-22 14:30:00,,,,,,False,False,False,False,False,False,False,False,False,False,False,False,False,False,False
306,2026-06-23 10:30:00,,,,,,False,False,False,False,False,False,False,False,False,False,False,False,False,False,False
307,2026-06-23 11:00:00,,,,,,False,False,False,False,False,False,False,False,False,False,False,False,False,False,False
308,2026-06-23 13:30:00,0.0,G,,126.0,,False,True,False,True,False,True,False,True,False,False,False,False,False,False,False
309,2026-06-23 14:00:00,,,,,,False,False,False,False,False,False,False,False,False,False,False,False,False,False,False
310,2026-06-23 14:30:00,,,,,,False,False,False,False,False,False,False,False,False,False,False,False,False,False,False
311,2026-06-24 10:30:00,-9.485100000000015,,D,,112.1999969482422,False,False,True,False,False,False,False,False,False,False,False,False,False,False,False
312,2026-06-24 11:00:00,,,,,,False,False,False,False,False,False,False,False,False,False,False,False,False,False,False
313,2026-06-24 11:30:00,,,,,,False,False,False,False,False,False,False,False,False,False,False,False,False,False,False
314,2026-06-24 13:30:00,,,,,,False,False,False,False,False,False,False,False,False,False,False,False,False,False,False
315,2026-06-24 14:30:00,,,,,,False,False,False,False,False,False,False,False,False,False,False,False,False,False,False
316,2026-06-25 10:00:00,0.0,G,,122.0,,False,True,False,False,False,False,False,False,False,False,False,False,False,False,False
317,2026-06-25 10:30:00,,,,,,False,False,False,False,False,False,False,False,False,False,False,False,False,False,False
318,2026-06-25 11:30:00,,,,,,False,False,False,False,False,False,False,False,False,False,False,False,False,False,False
319,2026-06-25 13:30:00,,,,,,False,False,False,False,False,False,False,False,False,False,False,False,False,False,False
320,2026-06-25 14:00:00,,,,,,False,False,False,False,False,False,False,False,False,False,False,False,False,False,False
321,2026-06-26 10:00:00,,,,,,False,False,False,False,False,False,False,False,False,False,False,False,False,False,False
322,2026-06-26 10:30:00,,,,,,False,False,False,False,False,False,False,False,False,False,False,False,False,False,False
323,2026-06-26 11:00:00,,,,,,False,False,False,False,False,False,False,False,False,False,False,False,False,False,False
324,2026-06-26 11:30:00,,,,,,False,False,False,False,False,False,False,False,False,False,False,False,False,False,False
325,2026-06-26 14:00:00,,,,,,False,False,False,False,False,False,False,False,False,False,False,False,False,False,False
326,2026-06-29 10:00:00,-20.87330000000003,,D,,106.9800033569336,False,False,True,False,True,False,False,False,False,False,False,False,False,False,False
327,2026-06-29 11:00:00,,,,,,False,False,False,False,False,False,False,False,False,False,False,False,False,False,False
328,2026-06-29 13:30:00,,,,,,False,False,False,False,False,False,False,False,False,False,False,False,False,False,False
329,2026-06-30 10:00:00,2.3142,G,,118.77999877929688,,False,True,False,False,False,False,False,False,False,False,False,False,False,False,False
330,2026-06-30 11:00:00,,,,,,False,False,False,False,False,False,False,False,False,False,False,False,False,False,False
331,2026-06-30 13:30:00,,,,,,False,False,False,False,False,False,False,False,False,False,False,False,False,False,False
332,2026-06-30 14:00:00,0.0,,D,,112.0,False,False,True,False,False,False,False,False,False,False,False,False,False,False,False
333,2026-06-30 14:30:00,,,,,,False,False,False,False,False,False,False,False,False,False,False,False,False,False,False
334,2026-06-30 15:00:00,,,,,,False,False,False,False,False,False,False,False,False,False,False,False,False,False,False
335,2026-07-01 10:30:00,,,,,,False,False,False,False,False,False,False,False,False,False,False,False,False,False,False
336,2026-07-01 11:00:00,,,,,,False,False,False,False,False,False,False,False,False,False,False,False,False,False,False
337,2026-07-01 11:30:00,7.126599999999996,G,,122.87000274658205,,False,True,False,True,False,False,False,False,False,False,False,False,False,False,False
338,2026-07-01 13:30:00,,,,,,False,False,False,False,False,False,False,False,False,False,False,False,False,False,False
339,2026-07-01 14:00:00,,,,,,False,False,False,False,False,False,False,False,False,False,False,False,False,False,False
340,2026-07-01 14:30:00,,,,,,False,False,False,False,False,False,False,False,False,False,False,False,False,False,False
341,2026-07-02 10:00:00,,,,,,False,False,False,False,False,False,False,False,False,False,False,False,False,False,False
342,2026-07-02 10:30:00,,,,,,False,False,False,False,False,False,False,False,False,False,False,False,False,False,False
343,2026-07-02 13:30:00,,,,,,False,False,False,False,False,False,False,False,False,False,False,False,False,False,False
344,2026-07-02 14:00:00,,,,,,False,False,False,False,False,False,False,False,False,False,False,False,False,False,False
345,2026-07-02 14:30:00,,,,,,False,False,False,False,False,False,False,False,False,False,False,False,False,False,False
346,2026-07-03 10:00:00,,,,,,False,False,False,False,False,False,False,False,False,False,False,False,False,False,False
347,2026-07-03 10:30:00,-1.893399999999985,,D,,112.87999725341795,False,False,True,False,False,False,False,False,False,False,False,False,False,False,False
348,2026-07-03 11:00:00,,,,,,False,False,False,False,False,False,False,False,False,False,False,False,False,False,False
349,2026-07-03 11:30:00,,,,,,False,False,False,False,False,False,False,False,False,False,False,False,False,False,False
350,2026-07-03 14:00:00,0.0,G,,117.19000244140624,,False,True,False,False,False,False,False,False,False,False,False,False,False,False,False
351,2026-07-03 14:30:00,,,,,,False,False,False,False,False,False,False,False,False,False,False,False,False,False,False
352,2026-07-06 10:00:00,,,,,,False,False,False,False,False,False,False,False,False,False,False,False,False,False,False
353,2026-07-06 10:30:00,,,,,,False,False,False,False,False,False,False,False,False,False,False,False,False,False,False
354,2026-07-06 11:00:00,,,,,,False,False,False,False,False,False,False,False,False,False,False,False,False,False,False
355,2026-07-06 13:30:00,,,,,,False,False,False,False,False,False,False,False,False,False,False,False,False,False,False
356,2026-07-06 14:00:00,,,,,,False,False,False,False,False,False,False,False,False,False,False,False,False,False,False
357,2026-07-06 14:30:00,,,,,,False,False,False,False,False,False,False,False,False,False,False,False,False,False,False
358,2026-07-06 15:00:00,,,,,,False,False,False,False,False,False,False,False,False,False,False,False,False,False,False
359,2026-07-07 10:00:00,,,,,,False,False,False,False,False,False,False,False,False,False,False,False,False,False,False
360,2026-07-07 10:30:00,,,,,,False,False,False,False,False,False,False,False,False,False,False,False,False,False,False
361,2026-07-07 11:30:00,,,,,,False,False,False,False,False,False,False,False,False,False,False,False,False,False,False
362,2026-07-07 14:30:00,,,,,,False,False,False,False,False,False,False,False,False,False,False,False,False,False,False
363,2026-07-08 10:00:00,,,,,,False,False,False,False,False,False,False,False,False,False,False,False,False,False,False
364,2026-07-08 11:30:00,,,,,,False,False,False,False,False,False,False,False,False,False,False,False,False,False,False
365,2026-07-08 13:30:00,,,,,,False,False,False,False,False,False,False,False,False,False,False,False,False,False,False
366,2026-07-08 14:00:00,,,,,,False,False,False,False,False,False,False,False,False,False,False,False,False,False,False
367,2026-07-08 14:30:00,,,,,,False,False,False,False,False,False,False,False,False,False,False,False,False,False,False
368,2026-07-08 15:00:00,,,,,,False,False,False,False,False,False,False,False,False,False,False,False,False,False,False
369,2026-07-09 10:30:00,,,,,,False,False,False,False,False,False,False,False,False,False,False,False,False,False,False
370,2026-07-09 11:00:00,,,,,,False,False,False,False,False,False,False,False,False,False,False,False,False,False,False
371,2026-07-09 11:30:00,-34.56480000000002,,D,,93.02999877929688,False,False,True,False,False,False,False,False,False,False,False,False,False,False,False
372,2026-07-09 13:30:00,,,,,,False,False,False,False,False,False,False,False,False,False,False,False,False,False,False
373,2026-07-09 14:00:00,,,,,,False,False,False,False,False,False,False,False,False,False,False,False,False,False,False
374,2026-07-09 14:30:00,0.6774000000000058,G,,99.16999816894533,,False,True,False,False,False,False,False,False,False,False,False,False,False,False,False
375,2026-07-10 10:00:00,,,,,,False,False,False,False,False,False,False,False,False,False,False,False,False,False,False
376,2026-07-10 10:30:00,,,,,,False,False,False,False,False,False,False,False,False,False,False,False,False,False,False
377,2026-07-10 11:00:00,,,,,,False,False,False,False,False,False,False,False,False,False,False,False,False,False,False
378,2026-07-10 11:30:00,,,,,,False,False,False,False,False,False,False,False,False,False,False,False,False,False,False
379,2026-07-10 13:30:00,,,,,,False,False,False,False,False,False,False,False,False,False,False,False,False,False,False
380,2026-07-10 14:00:00,,,,,,False,False,False,False,False,False,False,False,False,False,False,False,False,False,False
381,2026-07-10 14:30:00,,,,,,False,False,False,False,False,False,False,False,False,False,False,False,False,False,False
382,2026-07-13 10:00:00,,,,,,False,False,False,False,False,False,False,False,False,False,False,False,False,False,False
383,2026-07-13 11:00:00,,,,,,False,False,False,False,False,False,False,False,False,False,False,False,False,False,False
384,2026-07-13 11:30:00,,,,,,False,False,False,False,False,False,False,False,False,False,False,False,False,False,False
385,2026-07-13 13:30:00,,,,,,False,False,False,False,False,False,False,False,False,False,False,False,False,False,False
386,2026-07-13 14:00:00,,,,,,False,False,False,False,False,False,False,False,False,False,False,False,False,False,False
387,2026-07-13 14:30:00,,,,,,False,False,False,False,False,False,False,False,False,False,False,False,False,False,False
388,2026-07-14 10:00:00,-6.31819999999999,,D,,84.87000274658203,True,False,True,False,False,False,True,False,True,False,False,False,False,False,False
389,2026-07-14 11:00:00,,,,,,True,False,False,False,False,False,False,False,False,False,False,False,False,False,False
390,2026-07-14 11:30:00,,,,,,True,False,False,False,False,False,False,False,False,False,False,False,False,False,False
391,2026-07-14 13:30:00,,,,,,True,False,False,False,False,False,False,False,False,False,False,False,False,False,False
392,2026-07-15 10:00:00,3.2882000000000176,G,,88.80000305175781,,True,True,False,False,False,False,False,False,False,False,False,False,False,False,False
393,2026-07-15 10:30:00,,,,,,True,False,False,False,False,False,False,False,False,False,False,False,False,False,False
394,2026-07-15 11:00:00,,,,,,True,False,False,False,False,False,False,False,False,False,False,False,False,False,False
395,2026-07-15 14:00:00,,,,,,True,False,False,False,False,False,False,False,False,False,False,False,False,False,False
396,2026-07-16 10:00:00,0.0,,D,,82.0,True,False,True,False,False,False,True,False,True,False,True,False,False,False,False
397,2026-07-16 10:30:00,,,,,,True,False,False,False,False,False,False,False,False,False,False,False,False,False,False
398,2026-07-16 11:30:00,,,,,,True,False,False,False,False,False,False,False,False,False,False,False,False,False,False
399,2026-07-16 13:30:00,,,,,,True,False,False,False,False,False,False,False,False,False,False,False,False,False,False
400,2026-07-16 14:00:00,,,,,,True,False,False,False,False,False,False,False,False,False,False,False,False,False,False
401,2026-07-16 14:30:00,,,,,,True,False,False,False,False,False,False,False,False,False,False,False,False,False,False
402,2026-07-17 10:00:00,,,,,,True,False,False,False,False,False,False,False,False,False,False,False,False,False,False
403,2026-07-17 10:30:00,,,,,,True,False,False,False,False,False,False,False,False,False,False,False,False,False,False
404,2026-07-17 11:00:00,,,,,,True,False,False,False,False,False,False,False,False,False,False,False,False,False,False
405,2026-07-17 11:30:00,,,,,,True,False,False,False,False,False,False,False,False,False,False,False,False,False,False
406,2026-07-17 13:30:00,,,,,,True,False,False,False,False,False,False,False,False,False,False,False,False,False,False
407,2026-07-17 14:00:00,,,,,,True,False,False,False,False,False,False,False,False,False,False,False,False,False,False
408,2026-07-20 10:00:00,18.24729999999994,G,,92.5,,True,True,False,False,False,False,False,False,False,False,False,False,False,False,False
409,2026-07-20 10:30:00,,,,,,False,False,False,False,False,False,False,False,False,False,False,False,False,False,False
410,2026-07-20 11:00:00,,,,,,False,False,False,False,False,False,False,False,False,False,False,False,False,False,False
411,2026-07-20 11:30:00,,,,,,False,False,False,False,False,False,False,False,False,False,False,False,False,False,False
412,2026-07-20 13:30:00,,,,,,False,False,False,False,False,False,False,False,False,False,False,False,False,False,False
413,2026-07-20 14:00:00,,,,,,False,False,False,False,False,False,False,False,False,False,False,False,False,False,False
414,2026-07-20 14:30:00,,,,,,False,False,False,False,False,False,False,False,False,False,False,False,False,False,False
415,2026-07-21 10:00:00,,,,,,False,False,False,False,False,False,False,False,False,False,False,False,False,False,False
416,2026-07-21 10:30:00,-8.307399999999973,,D,,77.0,False,False,True,False,True,False,False,False,False,False,False,False,True,False,False
417,2026-07-21 11:00:00,,,,,,False,False,False,False,False,False,False,False,False,False,False,False,False,False,False
418,2026-07-21 11:30:00,,,,,,False,False,False,False,False,False,False,False,False,False,False,False,False,False,False
419,2026-07-21 14:00:00,,,,,,False,False,False,False,False,False,False,False,False,False,False,False,False,False,False
420,2026-07-21 14:30:00,,,,,,False,False,False,False,False,False,False,False,False,False,False,False,False,False,False
421,2026-07-21 15:00:00,,,,,,False,False,False,False,False,False,False,False,False,False,False,False,False,False,False
422,2026-07-22 10:30:00,9.074900000000014,G,,95.8000030517578,,False,True,False,False,False,False,False,False,False,False,False,False,False,False,False
423,2026-07-22 11:00:00,,,,,,False,False,False,False,False,False,False,False,False,False,False,False,False,False,False
424,2026-07-22 11:30:00,,,,,,False,False,False,False,False,False,False,False,False,False,False,False,False,False,False
425,2026-07-22 13:30:00,,,,,,False,False,False,False,False,False,False,False,False,False,False,False,False,False,False
426,2026-07-22 14:00:00,0.0,,D,,88.88999938964844,False,False,True,False,False,False,False,False,False,False,False,False,False,False,False
427,2026-07-23 10:00:00,,,,,,False,False,False,False,False,False,False,False,False,False,False,False,False,False,False
428,2026-07-23 11:00:00,,,,,,False,False,False,False,False,False,False,False,False,False,False,False,False,False,False
429,2026-07-23 11:30:00,,,,,,False,False,False,False,False,False,False,False,False,False,False,False,False,False,False
430,2026-07-23 13:30:00,,,,,,False,False,False,False,False,False,False,False,False,False,False,False,False,False,False
431,2026-07-23 14:00:00,,,,,,False,False,False,False,False,False,False,False,False,False,False,False,False,False,False
432,2026-07-23 14:30:00,,,,,,False,False,False,False,False,False,False,False,False,False,False,False,False,False,False
433,2026-07-23 15:00:00,,,,,,False,False,False,False,False,False,False,False,False,False,False,False,False,False,False
434,2026-07-24 10:30:00,16.926000000000045,G,,105.52999877929688,,False,True,False,True,False,False,False,False,False,False,False,False,False,False,False
435,2026-07-24 11:00:00,,,,,,False,False,False,False,False,False,False,False,False,False,False,False,False,False,False
436,2026-07-24 11:30:00,,,,,,False,False,False,False,False,False,False,False,False,False,False,False,False,False,False
437,2026-07-24 13:30:00,,,,,,False,False,False,False,False,False,False,False,False,False,False,False,False,False,False
438,2026-07-24 14:00:00,,,,,,False,False,False,False,False,False,False,False,False,False,False,False,False,False,False
439,2026-07-27 10:00:00,-2.0079999999999814,,D,,94.02999877929688,False,False,True,False,False,False,False,False,False,False,False,False,False,False,False
440,2026-07-27 10:30:00,,,,,,False,False,False,False,False,False,False,False,False,False,False,False,False,False,False
441,2026-07-27 11:00:00,,,,,,False,False,False,False,False,False,False,False,False,False,False,False,False,False,False
442,2026-07-27 13:30:00,0.0,G,,103.0,,False,True,False,False,False,False,False,False,False,False,False,False,False,False,False
443,2026-07-28 10:00:00,,,,,,False,False,False,False,False,False,False,False,False,False,False,False,False,False,False
444,2026-07-28 10:30:00,,,,,,False,False,False,False,False,False,False,False,False,False,False,False,False,False,False
445,2026-07-28 11:30:00,,,,,,False,False,False,False,False,False,False,False,False,False,False,False,False,False,False
446,2026-07-28 13:30:00,,,,,,False,False,False,False,False,False,False,False,False,False,False,False,False,False,False
447,2026-07-28 14:00:00,,,,,,False,False,False,False,False,False,False,False,False,False,False,False,False,False,False
448,2026-07-28 14:30:00,,,,,,False,False,False,False,False,False,False,False,False,False,False,False,False,False,False
449,2026-07-29 10:00:00,-19.291499999999928,,D,,84.87999725341797,False,False,True,False,False,False,False,False,False,False,False,False,False,False,False
450,2026-07-29 11:00:00,,,,,,False,False,False,False,False,False,False,False,False,False,False,False,False,False,False
451,2026-07-29 14:00:00,,,,,,False,False,False,False,False,False,False,False,False,False,False,False,False,False,False
452,2026-07-29 15:00:00,,,,,,False,False,False,False,False,False,False,False,False,False,False,False,False,False,False
453,2026-07-30 10:00:00,,,,,,False,False,False,False,False,False,False,False,False,False,False,False,False,False,False
454,2026-07-30 10:30:00,0.0,G,,93.6999969482422,,False,True,False,False,False,False,False,False,False,False,False,False,False,False,False
455,2026-07-30 11:00:00,,,,,,False,False,False,False,False,False,False,False,False,False,False,False,False,False,False
456,2026-07-30 11:30:00,,,,,,False,False,False,False,False,False,False,False,False,False,False,False,False,False,False
457,2026-07-30 13:30:00,,,,,,False,False,False,False,False,False,False,False,False,False,False,False,False,False,False
458,2026-07-30 14:00:00,,,,,,False,False,False,False,False,False,False,False,False,False,False,False,False,False,False
459,2026-07-31 10:00:00,,,,,,False,False,False,False,False,False,False,False,False,False,False,False,False,False,False
460,2026-07-31 10:30:00,,,,,,False,False,False,False,False,False,False,False,False,False,False,False,False,False,False
461,2026-07-31 11:00:00,,,,,,False,False,False,False,False,False,False,False,False,False,False,False,False,False,False
462,2026-07-31 13:30:00,,,,,,False,False,False,False,False,False,False,False,False,False,False,False,False,False,False
463,2026-07-31 14:00:00,,,,,,False,False,False,False,False,False,False,False,False,False,False,False,False,False,False
464,2026-07-31 15:00:00,,,,,,False,False,False,False,False,False,False,False,False,False,False,False,False,False,False
465,2026-08-03 10:30:00,-5.184900000000027,,D,,84.76000213623047,False,False,True,False,True,False,True,False,True,False,False,False,False,False,False
466,2026-08-03 11:00:00,,,,,,False,False,False,False,False,False,False,False,False,False,False,False,False,False,False
467,2026-08-03 11:30:00,,,,,,False,False,False,False,False,False,False,False,False,False,False,False,False,False,False
468,2026-08-03 13:30:00,,,,,,False,False,False,False,False,False,False,False,False,False,False,False,False,False,False
469,2026-08-03 14:00:00,,,,,,False,False,False,False,False,False,False,False,False,False,False,False,False,False,False
470,2026-08-03 14:30:00,,,,,,False,False,False,False,False,False,False,False,False,False,False,False,False,False,False
471,2026-08-04 10:00:00,,,,,,False,False,False,False,False,False,False,False,False,False,False,False,False,False,False
472,2026-08-04 11:00:00,3.226699999999994,G,,90.48999786376952,,False,True,False,False,False,False,False,False,False,False,False,False,False,False,False
473,2026-08-04 11:30:00,,,,,,False,False,False,False,False,False,False,False,False,False,False,False,False,False,False
474,2026-08-04 13:30:00,,,,,,False,False,False,False,False,False,False,False,False,False,False,False,False,False,False
475,2026-08-04 14:00:00,,,,,,False,False,False,False,False,False,False,False,False,False,False,False,False,False,False
476,2026-08-04 14:30:00,,,,,,False,False,False,False,False,False,False,False,False,False,False,False,False,False,False
477,2026-08-05 10:00:00,0.0,,D,,88.95999908447266,False,False,True,False,False,False,False,False,False,False,False,False,False,False,False
478,2026-08-05 11:30:00,,,,,,False,False,False,False,False,False,False,False,False,False,False,False,False,False,False
479,2026-08-05 14:30:00,,,,,,False,False,False,False,False,False,False,False,False,False,False,False,False,False,False
480,2026-08-06 10:30:00,12.549599999999998,G,,97.25,,False,True,False,True,False,False,False,False,False,False,False,False,False,False,False
481,2026-08-06 11:00:00,,,,,,False,False,False,False,False,False,False,False,False,False,False,False,False,False,False
482,2026-08-06 13:30:00,,,,,,False,False,False,False,False,False,False,False,False,False,False,False,False,False,False
483,2026-08-06 14:00:00,,,,,,False,False,False,False,False,False,False,False,False,False,False,False,False,False,False
484,2026-08-06 14:30:00,0.0,,D,,93.3000030517578,False,False,True,False,False,False,False,False,False,False,False,False,False,False,False
485,2026-08-07 10:00:00,,,,,,False,False,False,False,False,False,False,False,False,False,False,False,False,False,False
486,2026-08-07 11:00:00,,,,,,False,False,False,False,False,False,False,False,False,False,False,False,False,False,False
487,2026-08-07 11:30:00,,,,,,False,False,False,False,False,False,False,False,False,False,False,False,False,False,False
488,2026-08-07 13:30:00,0.0402000000000271,G,,95.0,,False,True,False,False,False,False,False,False,False,False,False,False,False,False,False
489,2026-08-07 15:00:00,,,,,,False,False,False,False,False,False,False,False,False,False,False,False,False,False,False
490,2026-08-10 10:30:00,,,,,,False,False,False,False,False,False,False,False,False,False,False,False,False,False,False
491,2026-08-10 11:30:00,-4.3863999999999805,,D,,92.0,False,False,True,False,False,False,False,False,False,False,False,False,False,False,False
492,2026-08-10 13:30:00,,,,,,False,False,False,False,False,False,False,False,False,False,False,False,False,False,False
493,2026-08-10 14:00:00,,,,,,False,False,False,False,False,False,False,False,False,False,False,False,False,False,False
494,2026-08-10 14:30:00,,,,,,False,False,False,False,False,False,False,False,False,False,False,False,False,False,False
495,2026-08-11 11:00:00,1.6486000000000445,G,,98.9000015258789,,False,True,False,False,False,False,False,False,False,False,False,False,False,False,False
496,2026-08-11 11:30:00,,,,,,False,False,False,False,False,False,False,False,False,False,False,False,False,False,False
497,2026-08-11 13:30:00,,,,,,False,False,False,False,False,False,False,False,False,False,False,False,False,False,False
498,2026-08-11 14:00:00,,,,,,False,False,False,False,False,False,False,False,False,False,False,False,False,False,False
499,2026-08-11 14:30:00,,,,,,False,False,False,False,False,False,False,False,False,False,False,False,False,False,False
500,2026-08-12 10:00:00,-1.1246999999999616,,D,,92.8000030517578,False,False,True,False,False,False,False,False,False,False,False,False,False,False,False
501,2026-08-12 11:00:00,,,,,,False,False,False,False,False,False,False,False,False,False,False,False,False,False,False
502,2026-08-12 11:30:00,,,,,,False,False,False,False,False,False,False,False,False,False,False,False,False,False,False
503,2026-08-12 14:00:00,,,,,,False,False,False,False,False,False,False,False,False,False,False,False,False,False,False
504,2026-08-12 15:00:00,,,,,,False,False,False,False,False,False,False,False,False,False,False,False,False,False,False
505,2026-08-13 10:00:00,,,,,,False,False,False,False,False,False,False,False,False,False,False,False,False,False,False
506,2026-08-13 10:30:00,0.4388000000000147,G,,98.0,,False,True,False,False,False,False,False,False,False,False,False,False,False,False,False
507,2026-08-13 11:00:00,,,,,,False,False,False,False,False,False,False,False,False,False,False,False,False,False,False
508,2026-08-13 11:30:00,,,,,,False,False,False,False,False,False,False,False,False,False,False,False,False,False,False
509,2026-08-13 13:30:00,-0.6964999999999577,,D,,95.63999938964844,False,False,True,False,False,False,False,False,False,False,False,False,False,False,False
510,2026-08-13 14:00:00,,,,,,False,False,False,False,False,False,False,False,False,False,False,False,False,False,False
511,2026-08-13 14:30:00,,,,,,False,False,False,False,False,False,False,False,False,False,False,False,False,False,False
512,2026-08-13 15:00:00,,,,,,False,False,False,False,False,False,False,False,False,False,False,False,False,False,False
513,2026-08-14 11:00:00,0.9501000000000204,G,,103.18000030517578,,False,True,False,False,False,False,False,False,False,False,False,False,False,False,False
514,2026-08-14 11:30:00,,,,,,False,False,False,False,False,False,False,False,False,False,False,False,False,False,False
515,2026-08-14 14:00:00,,,,,,False,False,False,False,False,False,False,False,False,False,False,False,False,False,False
516,2026-08-14 15:00:00,,,,,,False,False,False,False,False,False,False,False,False,False,False,False,False,False,False
